file,species
8455169fe.png,Common wheat
785a73ab8.png,Common Chickweed
c0d9e170b.png,Small-flowered Cranesbill
4bbfd1e05.png,Cleavers
24c94a6ca.png,Sugar beet
8faadb6a8.png,Sugar beet
a55d26a4c.png,Common Chickweed
d488a4fe1.png,Common wheat
beebe5f4e.png,Scentless Mayweed
d8f4923f8.png,Shepherds Purse
1d0cbd819.png,Loose Silky-bent
44e8b8833.png,Small-flowered Cranesbill
33317fc2a.png,Fat Hen
dd5ec63d9.png,Sugar beet
8cfd98117.png,Scentless Mayweed
8d6991365.png,Black-grass
d14aa43f3.png,Small-flowered Cranesbill
756dd5070.png,Common Chickweed
a19c3faca.png,Cleavers
8a30b2de3.png,Sugar beet
7e9cf1c46.png,Common Chickweed
653193c1a.png,Common wheat
f33e9d918.png,Scentless Mayweed
cbe761896.png,Charlock
20ea96bcc.png,Fat Hen
cd5f0db1c.png,Small-flowered Cranesbill
02cfeb38d.png,Loose Silky-bent
90d119d25.png,Scentless Mayweed
65489944f.png,Shepherds Purse
c74c5b7fc.png,Shepherds Purse
48d97c645.png,Small-flowered Cranesbill
4e1190d78.png,Black-grass
bf66b9cd2.png,Maize
67e185673.png,Small-flowered Cranesbill
948cdb277.png,Cleavers
9c0c5b731.png,Loose Silky-bent
f4ad9d950.png,Sugar beet
aad8375e0.png,Shepherds Purse
85431c075.png,Loose Silky-bent
7f9e9565d.png,Scentless Mayweed
8db450ce3.png,Common Chickweed
b6a3f7876.png,Black-grass
219fd68d5.png,Scentless Mayweed
9c8b08a24.png,Black-grass
e5297b675.png,Loose Silky-bent
0437393b1.png,Fat Hen
86f08e6d1.png,Fat Hen
d0152bd7c.png,Fat Hen
6db684fff.png,Scentless Mayweed
17529c555.png,Scentless Mayweed
cae684f8f.png,Charlock
26e7ae885.png,Fat Hen
ac75d3326.png,Loose Silky-bent
25fa8d109.png,Common wheat
df7cb5f87.png,Common Chickweed
fc6f686fb.png,Sugar beet
808578ed5.png,Charlock
8916793ce.png,Small-flowered Cranesbill
86c309150.png,Sugar beet
61dd2cdc5.png,Common wheat
8cf2e3e6c.png,Common Chickweed
4ac29bbf0.png,Common Chickweed
82b5f4d33.png,Shepherds Purse
c63da993b.png,Sugar beet
3da774107.png,Fat Hen
f66ae4070.png,Maize
3d67c434b.png,Fat Hen
b573b7a56.png,Loose Silky-bent
d93c7ab6d.png,Loose Silky-bent
f2dc546ca.png,Cleavers
c64370a72.png,Sugar beet
6b9d6f8c9.png,Sugar beet
cb76a7766.png,Fat Hen
aaf4da98f.png,Sugar beet
0c5f6c493.png,Loose Silky-bent
8c98a6e9b.png,Loose Silky-bent
99569b224.png,Common wheat
9c777333d.png,Common Chickweed
664194d19.png,Small-flowered Cranesbill
29ce426a1.png,Common Chickweed
c069fc3fa.png,Fat Hen
1d56351b2.png,Common Chickweed
03a2ee656.png,Small-flowered Cranesbill
122913909.png,Maize
56a01b835.png,Cleavers
e5e3dccff.png,Common wheat
b1cd2a91e.png,Cleavers
e471f1d3a.png,Charlock
a800caead.png,Sugar beet
f9ea23fb5.png,Fat Hen
8585f9718.png,Loose Silky-bent
5f04aed97.png,Small-flowered Cranesbill
eef131644.png,Loose Silky-bent
f351ce097.png,Loose Silky-bent
d01873fdd.png,Loose Silky-bent
8874bba69.png,Loose Silky-bent
8301b0547.png,Charlock
c88ebfb47.png,Small-flowered Cranesbill
2ff5cb348.png,Sugar beet
da4ed3a28.png,Charlock
647689543.png,Loose Silky-bent
0885e7690.png,Scentless Mayweed
9643fc5f4.png,Charlock
060450d79.png,Common Chickweed
cfd8165e9.png,Charlock
eec1079a1.png,Charlock
04814f36d.png,Scentless Mayweed
a83820a2c.png,Sugar beet
bdde957ec.png,Scentless Mayweed
29f49cd0b.png,Fat Hen
3bbef3ecb.png,Scentless Mayweed
148bbda66.png,Charlock
59358cd44.png,Small-flowered Cranesbill
1459e96a0.png,Cleavers
115f93ecc.png,Loose Silky-bent
1926e82fd.png,Loose Silky-bent
d2f422ccb.png,Common Chickweed
b03397525.png,Loose Silky-bent
00d090cde.png,Black-grass
b215531dd.png,Cleavers
fda39e16f.png,Loose Silky-bent
837ac0270.png,Scentless Mayweed
c2de6020a.png,Small-flowered Cranesbill
cbba27d89.png,Maize
cf46d09c5.png,Common Chickweed
d0cdc768f.png,Common wheat
d6d31dcbe.png,Scentless Mayweed
9516e56c4.png,Black-grass
606647f64.png,Common Chickweed
6edc76e7c.png,Fat Hen
98da6ef4e.png,Scentless Mayweed
780bd2a2c.png,Sugar beet
377283a21.png,Maize
5bbc0a255.png,Common Chickweed
a7bd7cadb.png,Fat Hen
a2d25b4f3.png,Small-flowered Cranesbill
4e18ab737.png,Cleavers
a0b393945.png,Small-flowered Cranesbill
d2fd9df40.png,Black-grass
da9ef7858.png,Charlock
b130a0632.png,Cleavers
01291174f.png,Fat Hen
2e86f1085.png,Fat Hen
dabe3e5be.png,Small-flowered Cranesbill
b3e08b037.png,Fat Hen
1fefb54b7.png,Fat Hen
fea3da57c.png,Sugar beet
9baf94467.png,Sugar beet
3526b05cc.png,Scentless Mayweed
fd925f542.png,Common Chickweed
4b155fb07.png,Maize
1f5e5554e.png,Small-flowered Cranesbill
a38b8a581.png,Small-flowered Cranesbill
9cce7328c.png,Loose Silky-bent
862b8e7a0.png,Sugar beet
2a667e099.png,Fat Hen
bd789d151.png,Common Chickweed
a890ac088.png,Charlock
19fdf19fb.png,Common wheat
a9d2eab61.png,Black-grass
d563be369.png,Fat Hen
446f7da01.png,Black-grass
d102e1a15.png,Cleavers
65d08b894.png,Sugar beet
dabea05f4.png,Loose Silky-bent
6a47821f9.png,Black-grass
258b1183c.png,Cleavers
c6b76307d.png,Cleavers
539961189.png,Common Chickweed
da231c97f.png,Scentless Mayweed
8a4d3a1b1.png,Loose Silky-bent
8dbb8e1b9.png,Charlock
9a3f20121.png,Loose Silky-bent
90b595f12.png,Common Chickweed
2ea664465.png,Sugar beet
5b63dcc21.png,Common Chickweed
e901b0f28.png,Fat Hen
f1e87cba7.png,Loose Silky-bent
ffc6f8527.png,Common wheat
39c8fde99.png,Black-grass
16357b436.png,Loose Silky-bent
de0b79659.png,Fat Hen
0ad9e7dfb.png,Maize
558aa7deb.png,Loose Silky-bent
37297a64c.png,Common Chickweed
7d3045fc3.png,Sugar beet
7beb2766f.png,Scentless Mayweed
fa5fd1384.png,Shepherds Purse
36839d5e9.png,Scentless Mayweed
56112b92c.png,Small-flowered Cranesbill
c85ef220d.png,Common Chickweed
5a6bf96f6.png,Maize
490c4f9c8.png,Fat Hen
d668409ff.png,Loose Silky-bent
e19673dc9.png,Charlock
9b4800b42.png,Charlock
8ece6efec.png,Scentless Mayweed
976e4e079.png,Common Chickweed
b0acaff4a.png,Black-grass
800a8c17e.png,Fat Hen
46c14fde2.png,Loose Silky-bent
35a90f8d0.png,Scentless Mayweed
c1ecff98b.png,Black-grass
3d65168c2.png,Common Chickweed
a1da8be3c.png,Maize
31f3dd81f.png,Black-grass
1c680883c.png,Loose Silky-bent
fd253a74e.png,Cleavers
93d76fd5d.png,Small-flowered Cranesbill
39858776a.png,Cleavers
ce42adffb.png,Black-grass
1364b297a.png,Cleavers
d515398fd.png,Loose Silky-bent
3abb502fb.png,Loose Silky-bent
827279bad.png,Scentless Mayweed
dcd7ff249.png,Scentless Mayweed
79e5ea8fa.png,Common wheat
08d591441.png,Sugar beet
e84464f5a.png,Cleavers
67ce3eaa6.png,Small-flowered Cranesbill
f0ffa00bd.png,Sugar beet
0911d3dee.png,Common Chickweed
0f6cbe5e8.png,Maize
88ac6df54.png,Loose Silky-bent
60ee66ddd.png,Cleavers
96ecad7a1.png,Small-flowered Cranesbill
ce15eee52.png,Charlock
cc3d2a59a.png,Fat Hen
9df3275da.png,Small-flowered Cranesbill
c7051c902.png,Common Chickweed
86676d627.png,Fat Hen
3fbf1a417.png,Cleavers
abf8b0772.png,Scentless Mayweed
19618ad6a.png,Sugar beet
279df95f2.png,Sugar beet
e7077322d.png,Scentless Mayweed
4392d93cf.png,Fat Hen
a2c89c367.png,Charlock
721b2c47a.png,Fat Hen
30ad31220.png,Charlock
7c85b0265.png,Black-grass
32a8c8a1d.png,Loose Silky-bent
0d31e6602.png,Small-flowered Cranesbill
df11d56a7.png,Sugar beet
4b032563b.png,Common Chickweed
cec5bf198.png,Cleavers
0caeda5df.png,Common wheat
97844bfd5.png,Shepherds Purse
f4caf74f9.png,Charlock
9c32a797e.png,Common wheat
25cf6eb73.png,Maize
0a64e3e6c.png,Black-grass
caa2fbd79.png,Common Chickweed
55fed435f.png,Maize
98d819587.png,Shepherds Purse
3185294c8.png,Scentless Mayweed
2a5064f19.png,Common wheat
79fba50db.png,Common Chickweed
b47691c08.png,Scentless Mayweed
0fb233ad6.png,Small-flowered Cranesbill
456d507c0.png,Cleavers
406162ef9.png,Charlock
53ceb4657.png,Common Chickweed
5bdcfa329.png,Loose Silky-bent
599691cd9.png,Small-flowered Cranesbill
1f290e016.png,Scentless Mayweed
675ec1b0b.png,Small-flowered Cranesbill
9fab816f2.png,Fat Hen
1623fb9e1.png,Fat Hen
acdb75e00.png,Black-grass
780defa2e.png,Common Chickweed
e1abb4ff9.png,Sugar beet
5bd71f445.png,Common Chickweed
2df78338c.png,Common Chickweed
592473c83.png,Loose Silky-bent
f9f35cbd4.png,Common Chickweed
659412b1a.png,Loose Silky-bent
592cc5b89.png,Loose Silky-bent
429211ee6.png,Fat Hen
29bab7cad.png,Common Chickweed
ef7a5651d.png,Scentless Mayweed
0e8492cb1.png,Sugar beet
c832e4302.png,Fat Hen
71b232519.png,Black-grass
506347cfe.png,Cleavers
618de3d7a.png,Charlock
6982a9d30.png,Small-flowered Cranesbill
770a265f5.png,Small-flowered Cranesbill
8c9953903.png,Fat Hen
47b7d8e17.png,Small-flowered Cranesbill
d9c50616e.png,Sugar beet
3281183f9.png,Scentless Mayweed
4049a6ea6.png,Loose Silky-bent
6c874918c.png,Black-grass
f8318faf1.png,Scentless Mayweed
36ed4f215.png,Common Chickweed
dfb1d9012.png,Loose Silky-bent
65e97117e.png,Loose Silky-bent
f48916a8c.png,Scentless Mayweed
2126dc71b.png,Common Chickweed
55251925f.png,Common Chickweed
76555b064.png,Loose Silky-bent
17d5e5ac4.png,Loose Silky-bent
b026bf8ca.png,Loose Silky-bent
b39c71707.png,Maize
e96e57a90.png,Shepherds Purse
808cf55c6.png,Shepherds Purse
0bf7bfb05.png,Black-grass
5296835a0.png,Small-flowered Cranesbill
668c1007c.png,Charlock
0dba99002.png,Sugar beet
df521c0c0.png,Black-grass
26852751a.png,Charlock
d6c8c3c48.png,Small-flowered Cranesbill
c0bc3997b.png,Scentless Mayweed
22fbf13d6.png,Loose Silky-bent
c10ccbd82.png,Scentless Mayweed
24dbc3b21.png,Sugar beet
da713c465.png,Black-grass
8ca6140ca.png,Black-grass
e5064f6be.png,Sugar beet
a85b48a95.png,Scentless Mayweed
37c3108d6.png,Shepherds Purse
c35efa095.png,Scentless Mayweed
cfb18d262.png,Scentless Mayweed
2dd5cfba9.png,Shepherds Purse
c10db7ae2.png,Maize
71334c634.png,Maize
8e3ed0a25.png,Small-flowered Cranesbill
5ca2687a4.png,Maize
502dff972.png,Small-flowered Cranesbill
66ab0e8d0.png,Charlock
e783f5a4f.png,Sugar beet
165681fd9.png,Cleavers
24d36c52c.png,Common Chickweed
7506c0c02.png,Scentless Mayweed
a35fd6fbb.png,Common Chickweed
0ee4ad224.png,Scentless Mayweed
1d48b7564.png,Black-grass
cc74feadc.png,Black-grass
36d62bf36.png,Common wheat
ace8761dd.png,Common Chickweed
824f5d4e5.png,Sugar beet
cf90fc52d.png,Maize
1dc7c45df.png,Loose Silky-bent
205df1df3.png,Fat Hen
5a38ac566.png,Black-grass
fda0b5c38.png,Common wheat
a5db42f7d.png,Maize
4f44ca525.png,Common Chickweed
7b52585da.png,Loose Silky-bent
c7b07431e.png,Scentless Mayweed
bb7621cb3.png,Fat Hen
6b721f68e.png,Black-grass
d09d24c58.png,Loose Silky-bent
b62dca166.png,Fat Hen
a74bf916d.png,Shepherds Purse
07e62f903.png,Maize
bd72d4d8a.png,Scentless Mayweed
ff65bc002.png,Charlock
c5e88cd42.png,Common Chickweed
ef3e232ad.png,Common Chickweed
0ae6668fa.png,Loose Silky-bent
dc4cd56a3.png,Loose Silky-bent
bf3924a57.png,Common Chickweed
f4021df6c.png,Fat Hen
bebcaab66.png,Scentless Mayweed
3eda9cbb6.png,Scentless Mayweed
248436078.png,Cleavers
c50335991.png,Fat Hen
c26ccf73c.png,Common Chickweed
8170d33c1.png,Maize
e478c452c.png,Sugar beet
7cabd68cc.png,Loose Silky-bent
1bf9b94a6.png,Scentless Mayweed
8b043093d.png,Small-flowered Cranesbill
060f1dc84.png,Shepherds Purse
35cf9fa01.png,Shepherds Purse
ec08a5d56.png,Small-flowered Cranesbill
1541bdb2e.png,Maize
851c90831.png,Black-grass
1821eb11a.png,Scentless Mayweed
1d321253f.png,Fat Hen
97b2f0a10.png,Small-flowered Cranesbill
ac3193f78.png,Common Chickweed
6be169e41.png,Shepherds Purse
e4a76885b.png,Maize
7691014a1.png,Charlock
19e58cc5e.png,Common Chickweed
60f0bc617.png,Small-flowered Cranesbill
c60e91e07.png,Loose Silky-bent
34dd57ca9.png,Loose Silky-bent
963544aa0.png,Black-grass
ede6b84b4.png,Cleavers
d09275360.png,Sugar beet
590f5aea6.png,Charlock
0d117d910.png,Common Chickweed
3dd52bd2a.png,Small-flowered Cranesbill
19b51843a.png,Common Chickweed
f3fcfff1b.png,Cleavers
b31292706.png,Common Chickweed
1376f3b63.png,Black-grass
3edf5e9ef.png,Black-grass
e5368474f.png,Scentless Mayweed
a8388a37f.png,Fat Hen
76dbd1054.png,Scentless Mayweed
12625488b.png,Fat Hen
fc3e58836.png,Scentless Mayweed
e98e5d1d5.png,Black-grass
afcf6abd5.png,Small-flowered Cranesbill
8cf909eb3.png,Charlock
a93f940d6.png,Scentless Mayweed
fd87b36ae.png,Loose Silky-bent
ae90f2827.png,Common Chickweed
bb20fce02.png,Scentless Mayweed
d350a25fa.png,Common Chickweed
d6d80a321.png,Scentless Mayweed
063363305.png,Small-flowered Cranesbill
f85ed9b6d.png,Shepherds Purse
7d22abf91.png,Scentless Mayweed
55a852f40.png,Common Chickweed
8a8d6c712.png,Cleavers
958bb9e96.png,Charlock
e1809cef2.png,Scentless Mayweed
71f5323c5.png,Loose Silky-bent
1e095a7e1.png,Small-flowered Cranesbill
b30ab4659.png,Cleavers
071cb3ece.png,Fat Hen
338c7e907.png,Charlock
a169b71e7.png,Charlock
410e6f702.png,Small-flowered Cranesbill
b7a7f6390.png,Fat Hen
f23faf9c1.png,Black-grass
5b3beec58.png,Loose Silky-bent
fba8fc78a.png,Black-grass
5eb9c26a6.png,Loose Silky-bent
5b3000b9a.png,Maize
c7ae30f3a.png,Scentless Mayweed
8bc0261c9.png,Black-grass
31fcdc161.png,Maize
969a851be.png,Scentless Mayweed
c06e7c748.png,Scentless Mayweed
53e6e9000.png,Common wheat
cadab6616.png,Shepherds Purse
953496deb.png,Fat Hen
32b42c120.png,Small-flowered Cranesbill
1be0713da.png,Cleavers
897e5a8de.png,Cleavers
59e1cea8d.png,Cleavers
604dd663f.png,Shepherds Purse
e921021a8.png,Fat Hen
dd9f36df7.png,Small-flowered Cranesbill
2f246d688.png,Small-flowered Cranesbill
0c45ace27.png,Common Chickweed
4e69d100a.png,Small-flowered Cranesbill
599c82eea.png,Scentless Mayweed
4bbf1f6ea.png,Fat Hen
fa9f3a8f9.png,Cleavers
c0461776c.png,Common Chickweed
0625f063b.png,Fat Hen
54c8bb900.png,Charlock
4c7838de4.png,Common Chickweed
06d12f6fa.png,Shepherds Purse
fadc6adbc.png,Charlock
aa7d098d1.png,Common Chickweed
a006a475c.png,Shepherds Purse
866be78b0.png,Common Chickweed
d689256be.png,Common wheat
6da892be6.png,Small-flowered Cranesbill
6ba4ef411.png,Cleavers
ef74dbcad.png,Scentless Mayweed
b29339405.png,Loose Silky-bent
dce2f6612.png,Common Chickweed
e15472085.png,Common Chickweed
2d5058a59.png,Common Chickweed
e14afa235.png,Fat Hen
f1f7c833f.png,Shepherds Purse
6edb96d45.png,Cleavers
6dd095129.png,Common Chickweed
995c7ab1e.png,Black-grass
1cfd91582.png,Charlock
9326bda1b.png,Common Chickweed
686dc7ec8.png,Black-grass
8ab8a958b.png,Fat Hen
ad12382d4.png,Loose Silky-bent
0c27cf05f.png,Black-grass
03566743d.png,Fat Hen
534e74d83.png,Maize
f593c9cf0.png,Sugar beet
24a058589.png,Charlock
085974290.png,Scentless Mayweed
00ef713a8.png,Common Chickweed
da5255450.png,Common Chickweed
e52493d0b.png,Common wheat
fea1d13d6.png,Shepherds Purse
003d61042.png,Fat Hen
cd6adba97.png,Small-flowered Cranesbill
73260a4ee.png,Fat Hen
2b55a2da2.png,Charlock
2bd74d2da.png,Black-grass
f25996db8.png,Small-flowered Cranesbill
e73e308be.png,Fat Hen
dc55449b2.png,Sugar beet
9aa5587fe.png,Black-grass
d2f0f326e.png,Charlock
33448fe39.png,Black-grass
d3331e071.png,Fat Hen
20f983a71.png,Fat Hen
11d3f68ff.png,Loose Silky-bent
f4e7733d4.png,Small-flowered Cranesbill
78c5fba1d.png,Sugar beet
5315c2dca.png,Loose Silky-bent
1758a1baf.png,Common Chickweed
6bce55e05.png,Cleavers
00c47e980.png,Sugar beet
8311740de.png,Fat Hen
a276c65f7.png,Loose Silky-bent
af45e222a.png,Scentless Mayweed
fbf88b6be.png,Charlock
afa446484.png,Small-flowered Cranesbill
79d93bc96.png,Loose Silky-bent
79dafec17.png,Loose Silky-bent
593896f83.png,Common Chickweed
089ad62a7.png,Common Chickweed
78750e0ff.png,Charlock
74fd477eb.png,Common Chickweed
a1e0a6c02.png,Cleavers
4bcdaa5e2.png,Shepherds Purse
239bdf640.png,Charlock
8104422bb.png,Fat Hen
288564c76.png,Sugar beet
bb1c84bbc.png,Loose Silky-bent
05341a8a6.png,Scentless Mayweed
aee6fa3df.png,Loose Silky-bent
f6d250856.png,Shepherds Purse
8a32d0bfa.png,Small-flowered Cranesbill
6680836dd.png,Sugar beet
116b136de.png,Sugar beet
8d6acbe9b.png,Common Chickweed
521b27a17.png,Loose Silky-bent
92292055d.png,Common Chickweed
22e79540f.png,Cleavers
b944a49ca.png,Black-grass
7615e52d3.png,Cleavers
3e9f41817.png,Black-grass
aecfaed64.png,Shepherds Purse
78b1bf91a.png,Sugar beet
a544fc46d.png,Scentless Mayweed
b4c3df835.png,Maize
74068643d.png,Loose Silky-bent
5dcad9a53.png,Small-flowered Cranesbill
74d810f87.png,Loose Silky-bent
f4234cf4f.png,Fat Hen
be341dbdc.png,Loose Silky-bent
35ebe165c.png,Black-grass
3d38a87bc.png,Loose Silky-bent
5af1d74ee.png,Sugar beet
7fdb7202d.png,Scentless Mayweed
632156793.png,Cleavers
4f83143e1.png,Maize
edfdb4aeb.png,Scentless Mayweed
e82017baa.png,Black-grass
17a78fb44.png,Common wheat
eaf0815e2.png,Small-flowered Cranesbill
b7ad92859.png,Shepherds Purse
39b740f7e.png,Loose Silky-bent
ce3d280eb.png,Common Chickweed
6908fb540.png,Sugar beet
16467a950.png,Loose Silky-bent
63c07d340.png,Sugar beet
20817c846.png,Scentless Mayweed
8b9144917.png,Small-flowered Cranesbill
711b46fba.png,Shepherds Purse
7d4cd07ad.png,Common Chickweed
007b3da8b.png,Sugar beet
bfab3e3d0.png,Sugar beet
c0f5d9ac8.png,Small-flowered Cranesbill
b687160f5.png,Small-flowered Cranesbill
7f31c7f42.png,Loose Silky-bent
5817b766d.png,Shepherds Purse
ef02b4ee7.png,Sugar beet
c8f50f0c3.png,Common wheat
80e299ae9.png,Shepherds Purse
65e262a6d.png,Charlock
75cb95e91.png,Charlock
721be0a4a.png,Black-grass
2406d6c99.png,Shepherds Purse
fb022edf9.png,Sugar beet
98062cd87.png,Common Chickweed
d84d37a61.png,Common Chickweed
d41d87796.png,Scentless Mayweed
8b27bfd2b.png,Small-flowered Cranesbill
3eebd36c6.png,Charlock
3fbd0fc6a.png,Common Chickweed
0021e90e4.png,Small-flowered Cranesbill
523e5505c.png,Fat Hen
a3b375b34.png,Loose Silky-bent
32c86784b.png,Common Chickweed
bb64660b7.png,Sugar beet
6049234e6.png,Fat Hen
a0f37c726.png,Small-flowered Cranesbill
b341d0aab.png,Common Chickweed
a935ca110.png,Black-grass
c5078bac5.png,Loose Silky-bent
8f523520c.png,Shepherds Purse
0086a6340.png,Common Chickweed
d5f7dd60a.png,Scentless Mayweed
a254d71f6.png,Loose Silky-bent
48ef6a2ff.png,Common wheat
550a8b7e6.png,Small-flowered Cranesbill
5bc6595f6.png,Maize
7a38416be.png,Charlock
e88bf0db9.png,Small-flowered Cranesbill
64fe8beb9.png,Scentless Mayweed
223e4af09.png,Cleavers
b5c7fd009.png,Loose Silky-bent
3f92d8039.png,Loose Silky-bent
187668bde.png,Scentless Mayweed
3a909ead8.png,Small-flowered Cranesbill
241e6935a.png,Sugar beet
8e6ec1ca6.png,Small-flowered Cranesbill
a4b61a4ea.png,Loose Silky-bent
59b2c6f2b.png,Common Chickweed
adb7a032c.png,Loose Silky-bent
e5881dd33.png,Fat Hen
ef9676433.png,Charlock
ab35453cb.png,Cleavers
20e562fd5.png,Sugar beet
172f9b10b.png,Common Chickweed
88d8a4508.png,Maize
41e07778c.png,Cleavers
b98327bf4.png,Scentless Mayweed
a85fc8c9a.png,Small-flowered Cranesbill
93079d970.png,Sugar beet
abc331628.png,Common wheat
a2b703e21.png,Small-flowered Cranesbill
4823c3ffa.png,Loose Silky-bent
b6f3d8b5d.png,Scentless Mayweed
87f627bf9.png,Common Chickweed
e721c6ac8.png,Black-grass
91e469b4a.png,Charlock
e9d48d664.png,Shepherds Purse
d17f48d3b.png,Scentless Mayweed
270b939cf.png,Common Chickweed
5c3cd7ea2.png,Scentless Mayweed
0ebf8f2f4.png,Maize
6a41bf95b.png,Scentless Mayweed
f445fe6fb.png,Charlock
3f64c2c1b.png,Common wheat
42e7ed442.png,Shepherds Purse
a8de7c1b7.png,Loose Silky-bent
fea355851.png,Loose Silky-bent
0c4199daa.png,Loose Silky-bent
ef65533d5.png,Loose Silky-bent
38c054379.png,Small-flowered Cranesbill
cb496f36e.png,Black-grass
50de8a115.png,Shepherds Purse
0751c0bbc.png,Sugar beet
b2706e2b3.png,Black-grass
c75a82234.png,Scentless Mayweed
8e4eaeec0.png,Common Chickweed
b3d6fdb80.png,Shepherds Purse
4c8005bbc.png,Loose Silky-bent
2d992d1fb.png,Loose Silky-bent
77ccb8b2a.png,Small-flowered Cranesbill
e0ec5b6a1.png,Sugar beet
966ae5ad9.png,Black-grass
03ef36742.png,Scentless Mayweed
e9cd91682.png,Common Chickweed
14bb43eee.png,Common wheat
b828443ff.png,Maize
25a4c427e.png,Black-grass
752101fdf.png,Small-flowered Cranesbill
a74d475c2.png,Common Chickweed
1f3f44563.png,Maize
406ecb5c5.png,Charlock
3ebbe9ca4.png,Charlock
8303b27ed.png,Loose Silky-bent
b145ba9d4.png,Scentless Mayweed
60fea2ef6.png,Sugar beet
59c6a9f95.png,Fat Hen
2f0004a7f.png,Common wheat
9d79a1f0c.png,Small-flowered Cranesbill
b9062c1c8.png,Sugar beet
5ca0205f9.png,Charlock
126a71ce0.png,Charlock
026716f9b.png,Loose Silky-bent
391dcd7fd.png,Black-grass
c7eb96871.png,Common wheat
7f46a71db.png,Sugar beet
5e6a237f2.png,Sugar beet
13b9fa92d.png,Sugar beet
043449b0b.png,Sugar beet
69d1669f8.png,Charlock
754b1adf8.png,Small-flowered Cranesbill
23bc8ec4f.png,Common Chickweed
f9b6bfb00.png,Cleavers
892e9d6c6.png,Scentless Mayweed
835dc5447.png,Small-flowered Cranesbill
4287d810c.png,Common Chickweed
b4f7c9214.png,Black-grass
5779fe8b4.png,Fat Hen
3827436f3.png,Common Chickweed
52dc7a4d6.png,Common Chickweed
c6c8d4ba0.png,Black-grass
a060c1cf8.png,Maize
ab0f67743.png,Black-grass
87608f7aa.png,Charlock
e19ad6ac9.png,Charlock
5883b423d.png,Scentless Mayweed
a3d0031fd.png,Loose Silky-bent
a8c8a1db0.png,Shepherds Purse
47f9e5d91.png,Common Chickweed
5ee9d0a5b.png,Loose Silky-bent
23e480e64.png,Shepherds Purse
d7017f701.png,Fat Hen
be2499cf4.png,Black-grass
efe19dc32.png,Charlock
99036c51d.png,Loose Silky-bent
03e322a29.png,Sugar beet
974959ec1.png,Common wheat
1c52ea820.png,Fat Hen
809eb0b82.png,Charlock
96f14d90c.png,Sugar beet
cf3a8b2fd.png,Loose Silky-bent
fe9e87b78.png,Scentless Mayweed
e6f1211a2.png,Sugar beet
55920f07f.png,Maize
4a337a4a9.png,Fat Hen
fef2ade8c.png,Sugar beet
52a87abe5.png,Fat Hen
ba3ce6b3e.png,Scentless Mayweed
54b3afd58.png,Cleavers
855955aaf.png,Small-flowered Cranesbill
e15fce4f2.png,Scentless Mayweed
7696badea.png,Black-grass
2d9c798f9.png,Small-flowered Cranesbill
6d6eb3830.png,Shepherds Purse
6df8e31ea.png,Charlock
a8da9c08d.png,Charlock
856f2910a.png,Small-flowered Cranesbill
615d2b0a9.png,Sugar beet
bea23d9f8.png,Scentless Mayweed
48231e475.png,Scentless Mayweed
9b9911f20.png,Scentless Mayweed
3efa1f66c.png,Black-grass
1694a70e4.png,Scentless Mayweed
1b6a6494d.png,Sugar beet
33748968f.png,Cleavers
e3f50adfc.png,Cleavers
589e643b8.png,Shepherds Purse
59f62ad1d.png,Black-grass
099b961ec.png,Shepherds Purse
71e73a8a0.png,Sugar beet
2693e5c65.png,Maize
c5e419015.png,Scentless Mayweed
e80a259c5.png,Small-flowered Cranesbill
0c51bf229.png,Maize
a8b431a3e.png,Sugar beet
43ede9de9.png,Charlock
177d7e2a4.png,Common Chickweed
1b490196c.png,Shepherds Purse
37e545a60.png,Common Chickweed
1312065a5.png,Small-flowered Cranesbill
444473900.png,Fat Hen
bb1d1bfd3.png,Cleavers
3b73c3b61.png,Black-grass
d89db156f.png,Small-flowered Cranesbill
4c5ab9b68.png,Cleavers
486e59179.png,Common Chickweed
699d3c707.png,Sugar beet
b7192c70f.png,Common wheat
37714071b.png,Shepherds Purse
bffc08672.png,Scentless Mayweed
16fd2e01a.png,Small-flowered Cranesbill
3f826b318.png,Common Chickweed
c4ed8ed38.png,Charlock
fe29629fb.png,Scentless Mayweed
8e29abce1.png,Scentless Mayweed
4e9d3765f.png,Charlock
7b21ba6ba.png,Sugar beet
8e2e5604e.png,Sugar beet
fdea6b119.png,Loose Silky-bent
4ea7493d5.png,Sugar beet
39d569be4.png,Loose Silky-bent
466bb6d3b.png,Maize
61b044411.png,Black-grass
e1a0e3202.png,Loose Silky-bent
1191ba346.png,Cleavers
e4d5ec761.png,Black-grass
728eabae1.png,Charlock
9d3cb4745.png,Common wheat
24d78df74.png,Common Chickweed
41f1c3cdb.png,Fat Hen
